{
    "1.0": 4.226732969284058,
    "2.0": 4.234351634979248,
    "3.0": 4.2419703006744385,
    "4.0": 4.249588966369629,
    "5.0": 4.257207632064819,
    "6.0": 4.26482629776001,
    "7.0": 4.2724449634552,
    "8.0": 4.280063629150391,
    "9.0": 4.287682294845581,
    "10.0": 4.2953009605407715,
    "11.0": 4.302919626235962,
    "12.0": 4.310538291931152,
    "13.0": 4.318156957626343,
    "14.0": 4.325775623321533,
    "15.0": 4.333394289016724,
    "16.0": 4.341012954711914,
    "17.0": 4.3486316204071045,
    "18.0": 4.356250286102295,
    "19.0": 4.363868951797485,
    "20.0": 4.371487617492676,
    "21.0": 4.379106283187866,
    "22.0": 4.386724948883057,
    "23.0": 4.394343614578247,
    "24.0": 4.4019622802734375,
    "25.0": 4.409580945968628,
    "26.0": 4.417199611663818,
    "27.0": 4.424818277359009,
    "28.0": 4.432436943054199,
    "29.0": 4.44005560874939,
    "30.0": 4.44767427444458,
    "31.0": 4.4552929401397705,
    "32.0": 4.462911605834961,
    "33.0": 4.470530271530151,
    "34.0": 4.478148937225342,
    "35.0": 4.485767602920532,
    "36.0": 4.493386268615723,
    "37.0": 4.501004934310913,
    "38.0": 4.5086236000061035,
    "39.0": 4.516242265701294,
    "40.0": 4.523860931396484,
    "41.0": 4.531479597091675,
    "42.0": 4.539098262786865,
    "43.0": 4.546716928482056,
    "44.0": 4.554335594177246,
    "45.0": 4.5619542598724365,
    "46.0": 4.569572925567627,
    "47.0": 4.577191591262817,
    "48.0": 4.584810256958008,
    "49.0": 4.592428922653198,
    "50.0": 4.600047588348389,
    "51.0": 4.607666254043579,
    "52.0": 4.6152849197387695
}