{
    "1.0": 4.362046957015991,
    "2.0": 4.369665622711182,
    "3.0": 4.377284288406372,
    "4.0": 4.3849029541015625,
    "5.0": 4.392521619796753,
    "6.0": 4.400140285491943,
    "7.0": 4.407758951187134,
    "8.0": 4.415377616882324,
    "9.0": 4.422996282577515,
    "10.0": 4.430614948272705,
    "11.0": 4.4382336139678955,
    "12.0": 4.445852279663086,
    "13.0": 4.453470945358276,
    "14.0": 4.461089611053467,
    "15.0": 4.468708276748657,
    "16.0": 4.476326942443848,
    "17.0": 4.483945608139038,
    "18.0": 4.4915642738342285,
    "19.0": 4.499182939529419,
    "20.0": 4.506801605224609,
    "21.0": 4.5144202709198,
    "22.0": 4.52203893661499,
    "23.0": 4.529657602310181,
    "24.0": 4.537276268005371,
    "25.0": 4.5448949337005615,
    "26.0": 4.552513599395752,
    "27.0": 4.560132265090942,
    "28.0": 4.567750930786133,
    "29.0": 4.575369596481323,
    "30.0": 4.582988262176514,
    "31.0": 4.590606927871704,
    "32.0": 4.5982255935668945,
    "33.0": 4.605844259262085,
    "34.0": 4.613462924957275,
    "35.0": 4.621081590652466,
    "36.0": 4.628700256347656,
    "37.0": 4.636318922042847,
    "38.0": 4.643937587738037,
    "39.0": 4.6515562534332275,
    "40.0": 4.659174919128418,
    "41.0": 4.666793584823608,
    "42.0": 4.674412250518799,
    "43.0": 4.682030916213989,
    "44.0": 4.68964958190918,
    "45.0": 4.69726824760437,
    "46.0": 4.7048869132995605,
    "47.0": 4.712505578994751,
    "48.0": 4.720124244689941,
    "49.0": 4.727742910385132,
    "50.0": 4.735361576080322,
    "51.0": 4.742980241775513,
    "52.0": 4.750598907470703
}